{
  "project_info": {
    "project_number": "480950469531",
    "firebase_url": "https://flutter-grab-81386-default-rtdb.asia-southeast1.firebasedatabase.app",
    "project_id": "flutter-grab-81386",
    "storage_bucket": "flutter-grab-81386.appspot.com"
  },
  "client": [
    {
      "client_info": {
        "mobilesdk_app_id": "1:480950469531:android:410df7c65ebc815b41173e",
        "android_client_info": {
          "package_name": "com.thanhphan.driversapp"
        }
      },
      "oauth_client": [],
      "api_key": [
        {
          "current_key": "AIzaSyBX4Lgs9JjEONsbApnU6Xy3bA-_6vTyQoI"
        }
      ],
      "services": {
        "appinvite_service": {
          "other_platform_oauth_client": []
        }
      }
    },
    {
      "client_info": {
        "mobilesdk_app_id": "1:480950469531:android:48e426884a78f91141173e",
        "android_client_info": {
          "package_name": "com.thanhphan.userapp"
        }
      },
      "oauth_client": [],
      "api_key": [
        {
          "current_key": "AIzaSyBX4Lgs9JjEONsbApnU6Xy3bA-_6vTyQoI"
        }
      ],
      "services": {
        "appinvite_service": {
          "other_platform_oauth_client": []
        }
      }
    }
  ],
  "configuration_version": "1"
}